CarParkID,CarParkName_Zh_tw,TotalSpaces,AvailableSpaces,Availabilities_SpaceType,Availabilities_NumberOfSpaces,Availabilities_AvailableSpaces,ServiceStatus,FullStatus,ChargeStatus,DataCollectTime
22763918+15001,花蓮市三民停車場,55,48,1,55,48,1,0,1,2023-11-19T20:38:59+08:00
28984733+15002,花蓮遠東百貨停車場,929,735,1,929,735,1,0,1,2023-11-19T20:38:59+08:00
80118614+15003,財團法人佛教慈濟綜合醫院花蓮院區附設停車場,300,111,1,300,111,1,0,1,2023-11-19T20:38:59+08:00
53297327+15004,仁里立體停車場,183,0,1,183,0,1,0,1,2023-11-19T20:38:59+08:00
53599694+15005,花蓮文化創意產業園區停車場,0,0,1,0,0,1,0,1,2023-11-19T20:38:59+08:00
10614013+15006,多功能停車場,47,11,1,47,11,1,0,1,2023-11-19T20:38:59+08:00
85051937+15007,中山明智停車場,0,0,1,0,0,1,0,1,2023-11-19T20:38:59+08:00
80118614+15008,永發停車場-東洋站,235,178,1,235,178,1,0,1,2023-11-19T20:38:59+08:00
58019180+15009,明心停車場,80,40,1,80,40,1,0,1,2023-11-19T20:38:59+08:00
58019180+15010,仁愛停車場,133,49,1,133,49,1,0,1,2023-11-19T20:38:59+08:00
82182231+15011,花蓮市 PP 停車場,62,46,1,62,46,1,0,1,2023-11-19T20:38:59+08:00
37993678+15012,彪吉利(花蓮停三)汽(紅黃牌重機)停車場,51,30,1,51,30,1,0,1,2023-11-19T20:38:59+08:00
80118614+15013,成佳財停車場,210,169,1,210,169,1,0,1,2023-11-19T20:38:59+08:00
97329493+15014,東大門一二場,330,326,1,330,326,1,0,1,2023-11-19T20:38:59+08:00
52882567+15015,新港街停車場,27,3,1,27,3,1,0,1,2023-11-19T20:38:59+08:00
86711789+15016,尚志橋停車場,120,59,1,120,59,1,0,1,2023-11-19T20:38:59+08:00
13124285+15017,明禮路停車場,106,0,1,106,0,1,0,1,2023-11-19T20:38:59+08:00
37993678+15018,彪吉利停車場(國聯五路站),40,15,1,40,15,1,0,1,2023-11-19T20:38:59+08:00
37993678+15019,前站停車場(檳榔攤),70,5,1,70,5,1,0,1,2023-11-19T20:38:59+08:00
80118614+15020,後火車站機車停車場,340,104,1,340,104,1,0,1,2023-11-19T20:38:59+08:00
37993678+15021,彪吉利(花蓮停四)機車停車場,0,0,1,0,0,1,0,1,2023-11-19T20:38:59+08:00
80738683+15022,花蓮醫院停車場(有3層樓),50,36,1,50,36,1,0,1,2023-11-19T20:38:59+08:00
94607424+15023,財團法人臺灣基督教門諾會醫院(00:30~06:30非營業時間),235,156,1,235,156,1,0,1,2023-11-19T20:38:59+08:00
42958475+15024,建程停車場,121,60,1,121,60,1,0,1,2023-11-19T20:38:59+08:00
87344137+15025,停好車停車場,37,21,1,37,21,1,0,1,2023-11-19T20:38:59+08:00
85056975+15026,東芥東大門停車場,161,153,1,161,153,1,0,1,2023-11-19T20:38:59+08:00
86711789+15027,尚志橋停車場,111,0,1,111,0,1,0,1,2023-11-19T20:38:59+08:00
97329493+15028,東大門三場,83,82,1,83,82,1,0,1,2023-11-19T20:38:59+08:00
90831316+15030,統冠重慶站停車場,49,10,1,49,10,1,0,1,2023-11-19T20:38:59+08:00
ggyy+15032,TEST_VD_LIVE,0,0,1,0,0,1,0,1,2023-11-19T20:38:59+08:00
86711789+15033,富裕街停車場,55,22,1,55,22,1,0,1,2023-11-19T20:38:59+08:00
86711789+15034,商校街停車場,28,20,1,28,20,1,0,1,2023-11-19T20:38:59+08:00
86711789+15035,東里停車場,16,7,1,16,7,1,0,1,2023-11-19T20:38:59+08:00
095a,重平,54,26,1,54,26,1,1,1,2023-11-19T20:40:11+08:00
095b,重和,160,12,1,160,12,1,2,1,2023-11-19T20:40:11+08:00
100,華夏,36,18,1,36,18,1,0,1,2023-11-19T20:40:11+08:00
103,平和,46,-1,1,46,-1,1,-1,1,2023-11-19T20:40:11+08:00
105,曾子,37,23,1,37,23,1,0,1,2023-11-19T20:40:11+08:00
106,中崙,150,90,1,150,90,1,0,1,2023-11-19T20:40:11+08:00
107,鎮賢,23,3,1,23,3,1,2,1,2023-11-19T20:40:11+08:00
108,鎮興,65,10,1,65,10,1,2,1,2023-11-19T20:40:11+08:00
117,龍華,54,31,1,54,31,1,0,1,2023-11-19T20:40:11+08:00
118,三民二號公園,51,11,1,51,11,1,1,1,2023-11-19T20:40:11+08:00
120,獅甲,46,23,1,46,23,1,0,1,2023-11-19T20:40:11+08:00
125,廣三,9,-1,1,9,-1,1,-1,1,2023-11-19T20:40:11+08:00
128,八德大型車,79,-1,1,79,-1,1,-1,1,2023-11-19T20:40:11+08:00
135,臨海二路,12,9,1,12,9,1,0,1,2023-11-19T20:40:11+08:00
150,濱海,26,25,1,26,25,1,0,1,2023-11-19T20:40:11+08:00
290,公園路,346,104,1,346,104,1,1,1,2023-11-19T20:40:11+08:00
448,常德,30,7,1,30,7,1,1,1,2023-11-19T20:40:11+08:00
448a,都會公園,323,143,1,323,143,1,1,1,2023-11-19T20:40:11+08:00
449,立民,32,8,1,32,8,1,1,1,2023-11-19T20:40:11+08:00
457,田中央,28,-1,1,28,-1,1,-1,1,2023-11-19T20:40:11+08:00
458,竹後段,36,15,1,36,15,1,1,1,2023-11-19T20:40:11+08:00
459,大寮停二,174,121,1,174,121,1,0,1,2023-11-19T20:40:11+08:00
459a,仁德116,145,-1,1,145,-1,1,-1,1,2023-11-19T20:40:11+08:00
460,蚵仔寮（A區）,94,88,1,94,88,1,0,1,2023-11-19T20:40:11+08:00
460b,蚵仔寮（B區）,62,-1,1,62,-1,1,-1,1,2023-11-19T20:40:11+08:00
460c,蚵仔寮（C區）,6,-1,1,6,-1,1,-1,1,2023-11-19T20:40:11+08:00
465,左營站前,248,56,1,248,56,1,1,1,2023-11-19T20:40:11+08:00
466,東門,42,-1,1,42,-1,1,-1,1,2023-11-19T20:40:11+08:00
467,慈惠六街,119,-1,1,119,-1,1,-1,1,2023-11-19T20:40:11+08:00
469,五甲七老爺,77,28,1,77,28,1,1,1,2023-11-19T20:40:11+08:00
471,金興,142,63,1,142,63,1,1,1,2023-11-19T20:40:11+08:00
475,建樹,31,18,1,31,18,1,0,1,2023-11-19T20:40:11+08:00
476,仕興,32,-1,1,32,-1,1,-1,1,2023-11-19T20:40:11+08:00
479,北昌路,106,71,1,106,71,1,0,1,2023-11-19T20:40:11+08:00
481a,建軍,46,-1,1,46,-1,1,-1,1,2023-11-19T20:40:11+08:00
520,臥龍,28,6,1,28,6,1,1,1,2023-11-19T20:40:11+08:00
547,八德小型車,122,32,1,122,32,1,1,1,2023-11-19T20:40:11+08:00
551,左營北站,54,-1,1,54,-1,1,-1,1,2023-11-19T20:40:11+08:00
560,旗津老街,105,88,1,105,88,1,0,1,2023-11-19T20:40:11+08:00
590,時代大道,48,17,1,48,17,1,1,1,2023-11-19T20:40:11+08:00
595,鳳陽（鳳山）,37,-1,1,37,-1,1,-1,1,2023-11-19T20:40:11+08:00
596,樂群,34,5,1,34,5,1,2,1,2023-11-19T20:40:11+08:00
597,中洲,23,8,1,23,8,1,1,1,2023-11-19T20:40:11+08:00
599,中興市場,18,3,1,18,3,1,2,1,2023-11-19T20:40:11+08:00
695,鳳山行政中心西側,318,115,1,318,115,1,1,1,2023-11-19T20:40:11+08:00
716,勞工公園(勞一),198,89,1,198,89,1,1,1,2023-11-19T20:40:11+08:00
749,岡山戶政旁,57,49,1,57,49,1,0,1,2023-11-19T20:40:11+08:00
757,旗山轉運站,15,3,1,15,3,1,1,1,2023-11-19T20:40:11+08:00
780,正勤中山,63,50,1,63,50,1,0,1,2023-11-19T20:40:11+08:00
780a,正勤（中華）,58,-1,1,58,-1,1,-1,1,2023-11-19T20:40:11+08:00
811,興達,140,140,1,140,140,1,0,1,2023-11-19T20:40:11+08:00
812,柴山機車,150,-1,1,150,-1,1,-1,1,2023-11-19T20:40:11+08:00
812a,錦田機車,0,-1,1,0,-1,1,-1,1,2023-11-19T20:40:11+08:00
812b,成功機車,0,-1,1,0,-1,1,-1,1,2023-11-19T20:40:11+08:00
813,英德街,85,26,1,85,26,1,1,1,2023-11-19T20:40:11+08:00
813b,五甲停二機車,0,-1,1,0,-1,1,-1,1,2023-11-19T20:40:11+08:00
813c,五甲停三機車,0,-1,1,0,-1,1,-1,1,2023-11-19T20:40:11+08:00
814a,鳳山轉運站機車,0,-1,1,0,-1,1,-1,1,2023-11-19T20:40:11+08:00
814b,鳳山捷運站機車,0,-1,1,0,-1,1,-1,1,2023-11-19T20:40:11+08:00
814c,鳳山國中機車,0,-1,1,0,-1,1,-1,1,2023-11-19T20:40:11+08:00
815,鳳頂,64,-1,1,64,-1,1,-1,1,2023-11-19T20:40:11+08:00
815a,捷運前鎮高中站機車,0,-1,1,0,-1,1,-1,1,2023-11-19T20:40:11+08:00
816,國泰青年,514,499,1,514,499,1,0,1,2023-11-19T20:40:11+08:00
817,永興,45,8,1,45,8,1,2,1,2023-11-19T20:40:11+08:00
817a,神農,130,-1,1,130,-1,1,-1,1,2023-11-19T20:40:11+08:00
818,觀湖,80,77,1,80,77,1,0,1,2023-11-19T20:40:11+08:00
818a,育英,52,-1,1,52,-1,1,-1,1,2023-11-19T20:40:11+08:00
818b,仁美,25,-1,1,25,-1,1,-1,1,2023-11-19T20:40:11+08:00
818c,勞工公園大客車,0,-1,1,0,-1,1,-1,1,2023-11-19T20:40:11+08:00
818d,仁倉,16,-1,1,16,-1,1,-1,1,2023-11-19T20:40:11+08:00
819,和平公園,22,8,1,22,8,1,1,1,2023-11-19T20:40:11+08:00
820,民權二路,47,-1,1,47,-1,1,-1,1,2023-11-19T20:40:11+08:00
821,九曲堂,46,28,1,46,28,1,0,1,2023-11-19T20:40:11+08:00
822,旗山體育場,20,-1,1,20,-1,1,-1,1,2023-11-19T20:40:11+08:00
823,平和岡燕,47,38,1,47,38,1,0,1,2023-11-19T20:40:11+08:00
824,中華路圓環,20,10,1,20,10,1,0,1,2023-11-19T20:40:11+08:00
825,岡山(平面),177,138,1,177,138,1,0,1,2023-11-19T20:40:11+08:00
826,澄清湖西側,15,15,1,15,15,1,0,1,2023-11-19T20:40:11+08:00
827,楠梓運動場,143,62,1,143,62,1,1,1,2023-11-19T20:40:11+08:00
828,常順,78,23,1,78,23,1,1,1,2023-11-19T20:40:11+08:00
830,正興,139,6,1,139,6,1,2,1,2023-11-19T20:40:11+08:00
831,竹子腳,17,1,1,17,1,1,2,1,2023-11-19T20:40:11+08:00
832,榮光,26,3,1,26,3,1,2,1,2023-11-19T20:40:11+08:00
833,澄德段停一,114,49,1,114,49,1,1,1,2023-11-19T20:40:11+08:00
834,慈惠,59,43,1,59,43,1,0,1,2023-11-19T20:40:11+08:00
835,澄合停九,58,-1,1,58,-1,1,-1,1,2023-11-19T20:40:11+08:00
836,金鼎段(仁武),79,-1,1,79,-1,1,-1,1,2023-11-19T20:40:11+08:00
837,澄仁,39,-1,1,39,-1,1,-1,1,2023-11-19T20:40:11+08:00
838,澄觀段停八,66,18,1,66,18,1,1,1,2023-11-19T20:40:11+08:00
840,歡樂17,36,-1,1,36,-1,1,-1,1,2023-11-19T20:40:11+08:00
841,同慶,111,54,1,111,54,1,1,1,2023-11-19T20:40:11+08:00
843,大樹舊鐵橋,154,-1,1,154,-1,1,-1,1,2023-11-19T20:40:11+08:00
844,大社停一,28,-1,1,28,-1,1,-1,1,2023-11-19T20:40:11+08:00
846,仁慈公園,35,-1,1,35,-1,1,-1,1,2023-11-19T20:40:11+08:00
848,金山,8,3,1,8,3,1,1,1,2023-11-19T20:40:11+08:00
852,辛亥,43,2,1,43,2,1,2,1,2023-11-19T20:40:11+08:00
853,富民,38,-1,1,38,-1,1,-1,1,2023-11-19T20:40:11+08:00
854,瑞泰,26,5,1,26,5,1,2,1,2023-11-19T20:40:11+08:00
855,高雄明仁,111,34,1,111,34,1,1,1,2023-11-19T20:40:11+08:00
856,瑞北,27,1,1,27,1,1,2,1,2023-11-19T20:40:11+08:00
857,二苓,12,11,1,12,11,1,0,1,2023-11-19T20:40:11+08:00
857a,高坪23路,27,-1,1,27,-1,1,-1,1,2023-11-19T20:40:11+08:00
857b,高坪7路,62,-1,1,62,-1,1,-1,1,2023-11-19T20:40:11+08:00
857c,鳳盛,17,-1,1,17,-1,1,-1,1,2023-11-19T20:40:11+08:00
857d,龍鳳,30,-1,1,30,-1,1,-1,1,2023-11-19T20:40:11+08:00
857e,小港鳳陽,20,-1,1,20,-1,1,-1,1,2023-11-19T20:40:11+08:00
858,向榮,17,4,1,17,4,1,1,1,2023-11-19T20:40:11+08:00
859,后安,73,12,1,73,12,1,2,1,2023-11-19T20:40:11+08:00
861,君毅,47,12,1,47,12,1,1,1,2023-11-19T20:40:11+08:00
862,鼎泰,62,22,1,62,22,1,1,1,2023-11-19T20:40:11+08:00
863,松崗,19,4,1,19,4,1,1,1,2023-11-19T20:40:11+08:00
864,店北,21,4,1,21,4,1,2,1,2023-11-19T20:40:11+08:00
865,中光,25,7,1,25,7,1,1,1,2023-11-19T20:40:11+08:00
867,高雄陽明站,48,18,1,48,18,1,1,1,2023-11-19T20:40:11+08:00
868,德昌,43,9,1,43,9,1,1,1,2023-11-19T20:40:11+08:00
869,華山,31,12,1,31,12,1,1,1,2023-11-19T20:40:11+08:00
874,廣昌,57,6,1,57,6,1,2,1,2023-11-19T20:40:11+08:00
877,文水,93,14,1,93,14,1,2,1,2023-11-19T20:40:11+08:00
878,加昌,96,23,1,96,23,1,1,1,2023-11-19T20:40:11+08:00
899,海光,73,73,1,73,73,1,0,1,2023-11-19T20:40:11+08:00
908,自強三路,50,1,1,50,1,1,2,1,2023-11-19T20:40:11+08:00
913,新光,892,-1,1,892,-1,1,-1,1,2023-11-19T20:40:11+08:00
914,福誠,46,28,1,46,28,1,0,1,2023-11-19T20:40:11+08:00
915,美術館平面,65,-1,1,65,-1,1,-1,1,2023-11-19T20:40:11+08:00
916,頂新,26,14,1,26,14,1,0,1,2023-11-19T20:40:11+08:00
917,金獅湖,37,9,1,37,9,1,1,1,2023-11-19T20:40:11+08:00
918,舊左營國中,142,-1,1,142,-1,1,-1,1,2023-11-19T20:40:11+08:00
919,環潭,32,7,1,32,7,1,1,1,2023-11-19T20:40:11+08:00
920,三山,99,34,1,99,34,1,1,1,2023-11-19T20:40:11+08:00
923,南鼓山,28,24,1,28,24,1,0,1,2023-11-19T20:40:11+08:00
924,旗津海岸,92,-1,1,92,-1,1,-1,1,2023-11-19T20:40:11+08:00
926,統嶺社區（含南側）,482,-1,1,482,-1,1,-1,1,2023-11-19T20:40:11+08:00
930,輜汽,45,-1,1,45,-1,1,-1,1,2023-11-19T20:40:11+08:00
933,高雄林德官,228,32,1,228,32,1,2,1,2023-11-19T20:40:11+08:00
935,六合夜市停車場,35,8,1,35,8,1,1,1,2023-11-19T20:40:11+08:00
936,觀音山,108,-1,1,108,-1,1,-1,1,2023-11-19T20:40:11+08:00
937,管仲,229,129,1,229,129,1,0,1,2023-11-19T20:40:11+08:00
938,光華,212,128,1,212,128,1,0,1,2023-11-19T20:40:11+08:00
943,皓東,89,4,1,89,4,1,2,1,2023-11-19T20:40:11+08:00
946,八卦里,60,15,1,60,15,1,1,1,2023-11-19T20:40:11+08:00
947,仁和公園,55,19,1,55,19,1,1,1,2023-11-19T20:40:11+08:00
949,澄觀,0,-1,1,0,-1,1,-1,1,2023-11-19T20:40:11+08:00
952,龍德,39,32,1,39,32,1,0,1,2023-11-19T20:40:11+08:00
953,竹東,34,-1,1,34,-1,1,-1,1,2023-11-19T20:40:11+08:00
954,高雄本和,153,35,1,153,35,1,1,1,2023-11-19T20:40:11+08:00
955,南成,73,33,1,73,33,1,1,1,2023-11-19T20:40:11+08:00
956,頂明,56,35,1,56,35,1,0,1,2023-11-19T20:40:11+08:00
957,鳳甲,97,44,1,97,44,1,1,1,2023-11-19T20:40:11+08:00
965,福裕,114,-1,1,114,-1,1,-1,1,2023-11-19T20:40:11+08:00
967,金馬,178,13,1,178,13,1,2,1,2023-11-19T20:40:11+08:00
968,河川,22,-1,1,22,-1,1,-1,1,2023-11-19T20:40:11+08:00
969,允文,13,9,1,13,9,1,0,1,2023-11-19T20:40:11+08:00
970,苓中,69,14,1,69,14,1,1,1,2023-11-19T20:40:11+08:00
978,哨船,21,9,1,21,9,1,1,1,2023-11-19T20:40:11+08:00
982,瑞豐(B區),21,4,1,21,4,1,2,1,2023-11-19T20:40:11+08:00
983,瑞福,55,-1,1,55,-1,1,-1,1,2023-11-19T20:40:11+08:00
984,微笑,145,54,1,145,54,1,1,1,2023-11-19T20:40:11+08:00
985,英明市場,96,34,1,96,34,1,1,1,2023-11-19T20:40:11+08:00
987,高雄澄東站,127,48,1,127,48,1,1,1,2023-11-19T20:40:11+08:00
988,惠民,63,1,1,63,1,1,2,1,2023-11-19T20:40:11+08:00
991,高雄福德,35,10,1,35,10,1,1,1,2023-11-19T20:40:11+08:00
992,瑞豐,35,2,1,35,2,1,2,1,2023-11-19T20:40:11+08:00
993,寶華,87,2,1,87,2,1,2,1,2023-11-19T20:40:11+08:00
995,輔仁,27,4,1,27,4,1,2,1,2023-11-19T20:40:11+08:00
996,前峰,65,24,1,65,24,1,1,1,2023-11-19T20:40:11+08:00
997,智昌,83,-1,1,83,-1,1,-1,1,2023-11-19T20:40:11+08:00
998,大昌,13,-1,1,13,-1,1,-1,1,2023-11-19T20:40:11+08:00
999,青埔,39,15,1,39,15,1,1,1,2023-11-19T20:40:11+08:00
A01,德中,24,-1,1,24,-1,1,-1,1,2023-11-19T20:40:11+08:00
a126,旗山老街,300,-1,1,300,-1,1,-1,1,2023-11-19T20:40:11+08:00
A14,鎮榮(含第二),28,5,1,28,5,1,2,1,2023-11-19T20:40:11+08:00
A15,瑞福(B區),24,5,1,24,5,1,1,1,2023-11-19T20:40:11+08:00
A190,清豐,44,7,1,44,7,1,2,1,2023-11-19T20:40:11+08:00
A22,後昌,13,6,1,13,6,1,1,1,2023-11-19T20:40:11+08:00
A23,裕興（含第二）,6,-1,1,6,-1,1,-1,1,2023-11-19T20:40:11+08:00
A30,後昌路北側,0,-1,1,0,-1,1,-1,1,2023-11-19T20:40:11+08:00
A67,五甲社區,176,13,1,176,13,1,2,1,2023-11-19T20:40:11+08:00
A74,凱旋三路,24,3,1,24,3,1,2,1,2023-11-19T20:40:11+08:00
A77,金鼎,36,7,1,36,7,1,2,1,2023-11-19T20:40:11+08:00
a93,黃埔新村,49,-1,1,49,-1,1,-1,1,2023-11-19T20:40:11+08:00
A99,青埔溝,190,-1,1,190,-1,1,-1,1,2023-11-19T20:40:11+08:00
AA23,美術館(立體),398,-1,1,398,-1,1,-1,1,2023-11-19T20:40:11+08:00
AAA,埤子頭,46,22,1,46,22,1,1,1,2023-11-19T20:40:11+08:00
AD04,文化中心(立體),830,-1,1,830,-1,1,-1,1,2023-11-19T20:40:11+08:00
AD1,鹽埕立體停車場,836,103,1,836,103,1,2,1,2023-11-19T20:40:11+08:00
AD10,海功(立體),506,-1,1,506,-1,1,-1,1,2023-11-19T20:40:11+08:00
AD11,盛興停車場,382,6,1,382,6,1,2,1,2023-11-19T20:40:11+08:00
AD12,高雄福山國小,459,1,1,459,1,1,2,1,2023-11-19T20:40:11+08:00
AD13,高雄民權停車場,479,1,1,479,1,1,2,1,2023-11-19T20:40:11+08:00
AD15,林園(立體),244,-1,1,244,-1,1,-1,1,2023-11-19T20:40:11+08:00
AD15a,林園田中央,45,-1,1,45,-1,1,-1,1,2023-11-19T20:40:11+08:00
AD16,岡山(立體),154,-1,1,154,-1,1,-1,1,2023-11-19T20:40:11+08:00
AD17,興達立體停車場,140,136,1,140,136,1,0,1,2023-11-19T20:40:11+08:00
AD17a,崎漏,41,-1,1,41,-1,1,-1,1,2023-11-19T20:40:11+08:00
AD2,民權輕鋼架(立體),256,-1,1,256,-1,1,-1,1,2023-11-19T20:40:11+08:00
AD20,高雄十全,208,35,1,208,35,1,2,1,2023-11-19T20:40:11+08:00
AD21,武廟停車場,121,51,1,121,51,1,1,1,2023-11-19T20:40:11+08:00
AD24,高雄鼓山國小地下停車場,184,23,1,184,23,1,2,1,2023-11-19T20:40:11+08:00
AD25,光武國小地下立體停車場,128,21,1,128,21,1,2,1,2023-11-19T20:40:11+08:00
AD26,鳳山體育場停車場,0,-1,1,0,-1,1,-1,1,2023-11-19T20:40:11+08:00
AD27,高雄國際會議中心立體停車場,209,-1,1,209,-1,1,-1,1,2023-11-19T20:40:11+08:00
AD28,高雄高工立體停車場,470,-1,1,470,-1,1,-1,1,2023-11-19T20:40:11+08:00
AD3,高雄忠孝,568,49,1,568,49,1,2,1,2023-11-19T20:40:11+08:00
AD5,自強停車場,305,25,1,305,25,1,2,1,2023-11-19T20:40:11+08:00
AD6,小港(立體),219,-1,1,219,-1,1,-1,1,2023-11-19T20:40:11+08:00
AD7,四維(立體),819,-1,1,819,-1,1,-1,1,2023-11-19T20:40:11+08:00
AD8,高雄凱旋醫院地下停車場,559,50,1,559,50,1,2,1,2023-11-19T20:40:11+08:00
AD9,財稅大樓,131,63,1,131,63,1,1,1,2023-11-19T20:40:11+08:00
B14,興化,39,-1,1,39,-1,1,-1,1,2023-11-19T20:40:11+08:00
B38,明義,32,-1,1,32,-1,1,-1,1,2023-11-19T20:40:11+08:00
B4,厚泰,61,-1,1,61,-1,1,-1,1,2023-11-19T20:40:11+08:00
B40,時代大道第二(A區),64,-1,1,64,-1,1,-1,1,2023-11-19T20:40:11+08:00
B43,忠誠,20,-1,1,20,-1,1,-1,1,2023-11-19T20:40:11+08:00
B46a,如意公園,247,-1,1,247,-1,1,-1,1,2023-11-19T20:40:11+08:00
B46b,南連段963,26,-1,1,26,-1,1,-1,1,2023-11-19T20:40:11+08:00
B46c,德宜段,36,-1,1,36,-1,1,-1,1,2023-11-19T20:40:11+08:00
B49,彌陀公園,33,33,1,33,33,1,0,1,2023-11-19T20:40:11+08:00
B54,瑞昌,11,3,1,11,3,1,1,1,2023-11-19T20:40:11+08:00
B55,復興二路,100,96,1,100,96,1,0,1,2023-11-19T20:40:11+08:00
B58,民族一路,110,49,1,110,49,1,1,1,2023-11-19T20:40:11+08:00
B59,忠孝一路,40,24,1,40,24,1,0,1,2023-11-19T20:40:11+08:00
B7,旗津漁港,101,-1,1,101,-1,1,-1,1,2023-11-19T20:40:11+08:00
C05,正憲,42,-1,1,42,-1,1,-1,1,2023-11-19T20:40:11+08:00
C07,建國路,44,-1,1,44,-1,1,-1,1,2023-11-19T20:40:11+08:00
c08,林森,35,-1,1,35,-1,1,-1,1,2023-11-19T20:40:11+08:00
C09,港興社區,45,-1,1,45,-1,1,-1,1,2023-11-19T20:40:11+08:00
C38,果貿市場,13,5,1,13,5,1,1,1,2023-11-19T20:40:11+08:00
C40,高雄正德,25,20,1,25,20,1,0,1,2023-11-19T20:40:11+08:00
C41,松埔,22,-1,1,22,-1,1,-1,1,2023-11-19T20:40:11+08:00
C45,高楠公路,99,61,1,99,61,1,0,1,2023-11-19T20:40:11+08:00
c46,五甲,45,19,1,45,19,1,1,1,2023-11-19T20:40:11+08:00
C47,樂仁,24,-1,1,24,-1,1,-1,1,2023-11-19T20:40:11+08:00
C49,成功二路,61,44,1,61,44,1,0,1,2023-11-19T20:40:11+08:00
c50,長壽路,28,-1,1,28,-1,1,-1,1,2023-11-19T20:40:11+08:00
C92,二聖,120,40,1,120,40,1,1,1,2023-11-19T20:40:11+08:00
C93,凱旋四路,150,-1,1,150,-1,1,-1,1,2023-11-19T20:40:11+08:00
C96,龍江公園,28,18,1,28,18,1,0,1,2023-11-19T20:40:11+08:00
C98,崗山仔公園,98,50,1,98,50,1,0,1,2023-11-19T20:40:11+08:00
D52,國道下正義路309巷路邊停車區,0,-1,1,0,-1,1,-1,1,2023-11-19T20:40:11+08:00
D91,清安,58,25,1,58,25,1,1,1,2023-11-19T20:40:11+08:00
D93,瑞興,237,58,1,237,58,1,1,1,2023-11-19T20:40:11+08:00
D95,惠豐,44,14,1,44,14,1,1,1,2023-11-19T20:40:11+08:00
E34,仁愛三街,19,13,1,19,13,1,0,1,2023-11-19T20:40:11+08:00
E35,延平,42,-1,1,42,-1,1,-1,1,2023-11-19T20:40:11+08:00
E36,民富,35,-1,1,35,-1,1,-1,1,2023-11-19T20:40:11+08:00
F04,衛武營東側,95,20,1,95,20,1,1,1,2023-11-19T20:40:11+08:00
F30,時代大道第二(B區),85,-1,1,85,-1,1,-1,1,2023-11-19T20:40:11+08:00
park0016,左營哈囉市場,166,106,1,166,106,1,0,1,2023-11-19T20:40:11+08:00
park0017,華泰,32,-1,1,32,-1,1,-1,1,2023-11-19T20:40:11+08:00
park0019,沱江,78,33,1,78,33,1,1,1,2023-11-19T20:40:11+08:00
R68,燕北停車場,24,-1,1,24,-1,1,-1,1,2023-11-19T20:40:11+08:00
Z03a,大愛園區,120,-1,1,120,-1,1,-1,1,2023-11-19T20:40:11+08:00
Z05,烏樹林,12,-1,1,12,-1,1,-1,1,2023-11-19T20:40:11+08:00
Z08,泰安,106,-1,1,106,-1,1,-1,1,2023-11-19T20:40:11+08:00
ZZ3,小港轉運站自行車立體停車場,0,-1,1,0,-1,1,-1,1,2023-11-19T20:40:11+08:00
KEE22406,富士捷中山一路機車停車場,777,0,2,777,0,1,3,1,2022-04-28T15:55:00+08:00
KEE12114,八斗子觀光漁港停車場,117,117,1,117,117,1,0,1,2023-11-17T04:32:55+08:00
KEE22407,基隆中山機車停車場,37,0,2,37,0,1,3,1,2022-04-28T15:55:00+08:00
KEE22108,海洋大學洽公臨時停車場,45,0,1,45,0,1,3,1,2022-03-01T10:55:00+08:00
KEE22113,中正公園遊客服務中心停車場,27,0,1,27,0,1,3,1,2022-03-01T10:55:00+08:00
KEE21301,基隆市國民運動中心地下停車場,31,0,1,31,0,1,3,1,2022-03-01T10:55:00+08:00
KEE21302,基隆市仁愛收費停車場,109,0,1,109,0,1,3,1,2022-03-01T10:55:00+08:00
KEE21203,微笑台北商場停車場,118,0,1,118,0,1,3,1,2022-03-01T10:55:00+08:00
KEE22303,基隆南站平面停車場,77,0,1,55,0,1,3,1,2022-03-01T10:55:00+08:00
KEE22403,吉架二場停車場,80,0,1,80,0,1,3,1,2022-03-01T10:55:00+08:00
KEE22202,禾典深美站停車場,110,0,1,110,0,1,3,1,2022-03-01T10:55:00+08:00
KEE22401,基隆西定路停車場,59,0,1,59,0,1,3,1,2022-03-01T10:55:00+08:00
KEE22402,富士捷基隆車站(南)停車場,119,0,1,119,0,1,3,1,2022-03-01T10:55:00+08:00
KEE22404,基隆停一停車場,81,0,1,81,0,1,3,1,2022-03-01T10:55:00+08:00
KEE22405,代天宮停車場,62,0,1,62,0,1,3,1,2022-03-01T10:55:00+08:00
KEE22503,基隆長庚紀念醫院第一停車場,144,0,1,144,0,1,3,1,2022-03-01T10:55:00+08:00
KEE22504,基隆長庚紀念醫院第二停車場,246,0,1,246,0,1,3,1,2022-03-01T10:55:00+08:00
KEE21204,柏悅府停車場,152,0,1,152,0,1,3,1,2022-03-01T10:55:00+08:00
KEE22505,新長越樂建停車場,235,0,1,235,0,1,3,1,2022-03-01T10:55:00+08:00
KEE21205,愛買基隆店收費停車場,402,0,1,402,0,1,3,1,2022-03-01T10:55:00+08:00
KEE21501,情人湖院區醫療大樓室內停車場,216,0,1,216,0,1,3,1,2022-03-01T10:55:00+08:00
KEE22506,萬金收費停車場,106,0,1,106,0,1,3,1,2022-03-01T10:55:00+08:00
KEE22507,樂利停車場,54,0,1,54,0,1,3,1,2022-03-01T10:55:00+08:00
KEE21502,基隆長庚紀念醫院地下二樓停車場,131,0,1,131,0,1,3,1,2022-03-01T10:55:00+08:00
KEE11101,信二停車場,1000,135,1,500,135,1,0,1,2023-11-19T20:40:07+08:00
KEE12109,濱海遊憩區停車場,70,65,1,70,65,1,0,1,2023-11-19T20:40:02+08:00
KEE12108,復育環保公園停車場,89,52,1,89,52,1,0,1,2023-11-19T20:40:02+08:00
KEE11104,中正區行政大樓地下停車場,86,8,0,86,10,1,0,1,2023-11-19T20:40:07+08:00
KEE11305,東岸立體停車場,666,57,1,666,57,1,0,1,2023-11-19T20:40:00+08:00
KEE11303,南榮公墓殯儀館停車場,150,121,1,150,121,1,0,1,2023-11-19T20:39:50+08:00
KEE12306,仁愛獅球停車場,107,25,1,107,25,1,0,1,2023-11-19T20:40:00+08:00
KEE22410,基隆新橫濱停車場,166,142,1,166,142,1,0,1,2023-11-19T20:40:00+08:00
KEE11701,百福立體停車場,314,0,1,314,0,1,2,1,2023-11-19T20:40:00+08:00
KEE22409,基隆青鳥停車場,49,48,1,49,48,1,0,1,2023-11-19T20:40:00+08:00
KEE11307,信義國小地下停車場,349,74,1,349,74,1,0,1,2023-11-19T20:40:00+08:00
KEE12103,義二路停車場,50,12,1,50,12,1,0,1,2023-11-19T20:33:23+08:00
KEE12117,基隆社寮橋停車場,50,46,1,50,46,1,0,1,2023-11-19T20:40:00+08:00
KEE12105,基隆和平島公園停車場,134,134,1,134,134,1,0,1,2023-11-19T20:40:00+08:00
KEE11102,正濱國小收費立體停車場,100,8,0,100,8,1,0,1,2023-11-19T20:40:07+08:00
KEE12107,區域探索館平面停車場,146,109,1,146,109,1,0,1,2023-11-19T20:40:02+08:00
KEE12111,65高地停車場,33,33,1,33,33,1,0,1,2023-11-19T20:40:02+08:00
KEE12402,西三停車場,485,383,1,485,383,1,0,1,2023-11-19T20:40:02+08:00
KEE11304,銘傳立體停車場,120,48,1,120,48,1,0,1,2023-11-19T20:39:13+08:00
KEE12401,基隆市中和路168巷停車場,50,17,1,50,17,1,0,1,2023-11-19T20:40:08+08:00
KEE21201,基隆皇冠停車場,1000,30,1,500,30,1,0,1,2023-11-19T20:40:08+08:00
KEE11106,海洋劇場停車場,297,232,1,297,232,1,0,1,2023-11-19T20:40:01+08:00
KEE12704,崇孝街停車場,210,90,1,210,90,1,0,1,2023-11-19T20:37:54+08:00
KEE12112,南區大客車停車場,50,49,1,50,49,1,0,1,2023-11-19T20:40:02+08:00
KEE12602,源遠路第二停車場,75,21,1,75,21,1,0,1,2023-11-19T20:39:24+00:00
KEE12601,源遠路停車場,55,20,1,55,20,1,0,1,2023-11-19T20:39:26+00:00
KEE12502,基隆安和停車場,44,29,1,44,29,1,0,1,2023-11-19T20:39:26+08:00
KEE22411,東三四平面停車場,54,24,2,37,13,1,0,1,2023-11-19T20:39:37+08:00
KEE11205,中興國小停車場,120,13,1,120,13,1,0,1,2023-11-19T20:40:10+08:00
KEE22601,臺灣礦工醫院停車場,70,0,1,70,0,1,3,1,2022-03-01T10:55:00+08:00
KEE12113,基隆和一停車場,302,250,1,302,250,1,0,1,2023-11-19T20:40:00+08:00
KEE22602,東暖停車場,72,0,1,72,0,1,3,1,2022-03-01T10:55:00+08:00
KEE21701,七堵車站停車場,130,0,1,130,0,1,3,1,2022-03-01T10:55:00+08:00
KEE12110,潮境公園停車場,32,24,1,32,24,1,0,1,2023-11-19T20:40:02+08:00
KEE21702,七堵區行政大樓地下停車場,120,0,1,120,0,1,3,1,2022-03-01T10:55:00+08:00
KEE21703,皇家名邸地下停車場,52,0,1,52,0,1,3,1,2022-03-01T10:55:00+08:00
KEE11703,基隆七堵停車場,293,160,1,293,160,1,0,1,2023-11-19T20:40:02+08:00
KEE22704,新百福停車場,70,0,1,70,0,1,3,1,2022-03-01T10:55:00+08:00
KEE22705,百二停車場,143,0,1,143,0,1,3,1,2022-03-01T10:55:00+08:00
KEE12707,福六街停車場,30,9,1,30,9,1,0,1,2023-11-19T20:39:15+08:00
KEE22706,城市車旅基隆長安停車場,43,14,1,43,14,1,0,1,2023-11-19T20:40:02+08:00
KEE11301,博愛國宅地下室停車場,253,25,1,253,25,1,0,1,2023-11-19T20:40:00+08:00
KEE22408,基隆北二站停車場,142,0,1,142,0,1,3,1,2022-04-28T15:55:00+08:00
KEE12202,基隆信義停車場,42,11,1,42,11,1,0,1,2023-11-19T20:39:37+08:00
KEE12705,光明停一停車場,56,6,1,56,6,1,0,1,2023-11-19T20:39:41+08:00
KEE12115,八斗子漁港C區停車場,251,72,1,251,72,1,0,1,2022-05-31T11:28:04+08:00
KEE11201,信義國中停車場,177,25,1,177,25,1,0,1,2023-11-19T20:40:02+08:00
KEE12706,光明停二停車場,101,35,1,101,35,1,0,1,2023-11-19T20:40:03+08:00
KEE12501,鶯歌石溪停車場,76,8,1,76,8,1,0,1,2023-11-19T20:39:45+08:00
KEE12503,麥金停車場,1000,0,1,500,0,1,0,1,2023-01-15T10:26:42+00:00
KEE11302,基隆成功站,447,103,1,447,103,1,0,1,2023-11-19T20:39:41+08:00
KEE22112,基隆八尺門停車場,90,78,1,90,78,1,0,1,2023-07-31T10:49:30+08:00
KEE22111,非凡物業管理顧問有限公司和平島停車場,90,90,1,90,90,1,0,1,2023-11-19T20:31:15+08:00
KEE12203,基隆六合停車場,492,149,7,10,0,1,0,1,2023-11-19T20:38:34+08:00
40814707,東光路地下停車場,252,32,1,252,32,1,0,1,2023-11-19T20:40:11+08:00
47847561,新營綠都心停車場,295,99,1,295,99,1,0,1,2023-11-19T20:40:11+08:00
47847561-A,大宏社區停車場,27,27,1,27,27,1,0,1,2023-11-19T20:40:11+08:00
47862936,公園南路停車場,280,25,1,280,25,1,0,1,2023-11-19T20:40:11+08:00
47862942,西門育賢停車場,29,18,1,29,18,1,0,1,2023-11-19T20:40:11+08:00
47939674,大學路(社E2)停車場,264,181,2,105,65,1,0,1,2023-11-19T20:40:11+08:00
47940378,水景停車場,137,137,1,137,137,1,0,1,2023-11-19T20:40:11+08:00
47940399-1,港濱停車場 (第一區),38,38,1,38,38,1,0,1,2023-11-19T20:40:11+08:00
47940399-2,港濱停車場 (第二區),22,21,1,22,21,1,0,1,2023-11-19T20:40:11+08:00
58766672,明大停車場,30,1,2,0,0,1,0,1,2023-11-19T20:40:11+08:00
81290471,民生路停車場,124,51,1,124,51,1,0,1,2023-11-19T20:40:11+08:00
81305474,永福路停車場,27,4,1,27,4,1,0,1,2023-11-19T20:40:11+08:00
81305489,民族路停車場,28,8,1,28,8,1,0,1,2023-11-19T20:40:11+08:00
81320382,大學路社E1停車場,59,14,1,59,14,1,0,1,2023-11-19T20:40:11+08:00
81386285,永康大橋後站停車場,21,14,1,21,14,1,0,1,2023-11-19T20:40:11+08:00
85766482-1,南科東側停車場,301,84,2,236,71,1,0,1,2023-11-19T20:40:11+08:00
85766482-2,南科西側停車場,314,230,2,290,223,1,0,1,2023-11-19T20:40:11+08:00
85766716-2,富安三街停車場,183,50,2,0,0,1,0,1,2023-11-19T20:40:11+08:00
89038628,友愛街機車停車場,103,74,1,103,74,1,0,1,2023-11-19T20:40:11+08:00
89049982,台南會展中心停車場,456,450,1,456,450,1,0,1,2023-11-19T20:40:11+08:00
89050713,平實公園地下停車場,226,48,1,226,48,1,0,1,2023-11-19T20:40:11+08:00
89050734,大道停6停車場,58,24,1,58,24,1,0,1,2023-11-19T20:40:11+08:00
89050740,北園公兒停車場,167,46,1,167,46,1,0,1,2023-11-19T20:40:11+08:00
89050848,運河星鑽停車場,28,5,1,28,5,1,0,1,2023-11-19T20:40:11+08:00
89050973,中華路58巷停車場,52,26,1,52,26,1,0,1,2023-11-19T20:40:11+08:00
94282969,水萍塭公園地下停車場,362,171,1,362,171,1,0,1,2023-11-19T20:40:11+08:00
AO070012,大湳公有停車場,207,39,1,207,39,1,1,1,2023-11-19T20:38:00+08:00
AO070001,大忠地下停車場,322,88,1,322,88,1,0,1,2023-11-19T20:38:00+08:00
AO070002,公二地下停車場,60,0,1,60,0,1,3,1,2023-11-19T20:38:00+08:00
AO070013,八德區永福停車場,110,0,1,110,0,1,3,1,2023-11-19T20:38:00+08:00
AO0700001,八德一號停車場,302,98,1,302,98,1,0,1,2023-11-19T20:38:00+08:00
AO0700002,八德二號停車場,175,30,1,175,30,1,1,1,2023-11-19T20:38:00+08:00
AO0700003,霄裡公園平面停車場,28,10,1,28,10,1,0,1,2023-11-19T20:38:00+08:00
AO090002,橋頭停車場,679,66,1,679,66,1,1,1,2023-11-19T20:38:00+08:00
AO090001,長興停車場,83,45,1,83,45,1,0,1,2023-11-19T20:38:00+08:00
AO090003,僑愛平面停車場,25,10,1,25,10,1,0,1,2023-11-19T20:38:00+08:00
AO090004,桃園太武新村停車場,59,29,1,59,29,1,0,1,2023-11-19T20:38:00+08:00
AO100001,大園區兒十四地下停車場,38,6,1,38,6,1,1,1,2023-11-19T20:38:00+08:00
AO1000001,大園公有零售市場停車場,53,40,1,53,40,1,0,1,2023-11-19T20:38:00+08:00
AO1000003,桃園陽光劇場地下停車場,254,236,1,254,236,1,0,1,2023-11-19T20:38:00+08:00
AO120001,觀音建國停車場,111,48,1,111,48,1,0,1,2023-11-19T20:38:00+08:00
AO0300001,長庚轉運站停車場,580,580,1,580,580,1,0,1,2023-11-19T20:38:00+08:00
AO0300002,龜山文二立體停車場,295,71,1,295,71,1,0,1,2023-11-19T20:38:00+08:00
AO030001,嘟嘟房龜山公所站停車場(停二停車場),185,37,1,185,37,1,1,1,2023-11-19T20:38:00+08:00
AO0300003,長庚醫院復健停車場,704,516,1,704,516,1,0,1,2023-11-19T20:38:00+08:00
AO0300004,長庚醫院病理停車場,588,461,1,588,461,1,0,1,2023-11-19T20:38:00+08:00
AO0300005,機場捷運長庚醫院A8站共開大樓停車場,391,0,1,391,0,1,3,1,2023-11-19T20:38:00+08:00
AO030002,停五停車場,28,11,1,28,11,1,0,1,2023-11-19T20:38:00+08:00
AO030003,停四停車場,48,10,1,48,10,1,1,1,2023-11-19T20:38:00+08:00
AO030005,龜山文德公園,37,11,1,37,11,1,0,1,2023-11-19T20:38:00+08:00
AO030006,善捷段停車場,113,29,1,113,29,1,0,1,2023-11-19T20:38:00+08:00
AO030008,龜山龍華停車場,23,6,1,23,6,1,0,1,2023-11-19T20:38:00+08:00
AO030009,龜山建國一村停車場,259,0,1,259,0,1,3,1,2023-11-19T20:38:00+08:00
AO030004,市十三停車場,133,31,1,133,31,1,0,1,2023-11-19T20:38:00+08:00
AO0300017,A7體育大學站停車場,40,29,1,40,29,1,0,1,2023-11-19T20:32:00+08:00
AO020009,廣停一停車場停車場,77,29,1,77,29,1,0,1,2023-11-19T20:38:00+08:00
AO020008,銀河廣場地下停車場,145,22,1,145,22,1,1,1,2023-11-19T20:38:00+08:00
AO020028,中央地下停車場,299,0,1,299,0,1,3,1,2023-11-19T20:38:00+08:00
AO020017,延平立體停車場,201,105,1,201,105,1,0,1,2023-11-19T20:38:00+08:00
AO020019,中原國小地下停車場,423,0,1,423,0,1,3,1,2023-11-19T20:38:00+08:00
AO020005,中壢內壢站,49,23,1,49,23,1,0,1,2023-11-19T20:38:00+08:00
AO020007,中壢自強立體停車場,265,81,1,265,81,1,0,1,2023-11-19T20:38:00+08:00
AO020010,坤慶公園地下停車場,32,16,1,32,16,1,0,1,2023-11-19T20:38:00+08:00
AO020011,南園停車場,60,27,1,60,27,1,0,1,2023-11-19T20:38:00+08:00
AO020030,中壢青雲停車場,106,61,1,106,61,1,0,1,2023-11-19T20:38:00+08:00
AO020031,中壢青商停車場,48,34,1,48,34,1,0,1,2023-11-19T20:38:00+08:00
AO020032,中壢青松停車場,42,22,1,42,22,1,0,1,2023-11-19T20:38:00+08:00
AO020036,文化公園停車場,329,261,1,329,261,1,0,1,2023-11-19T20:38:00+08:00
AO020002,中壢復興站,66,34,1,66,34,1,0,1,2023-11-19T20:38:00+08:00
AO020003,中壢忠孝站,92,43,1,92,43,1,0,1,2023-11-19T20:38:00+08:00
AO020004,中壢復華站,46,11,1,46,11,1,0,1,2023-11-19T20:38:00+08:00
AO020025,新明國小地下停車場,272,128,1,272,128,1,0,1,2023-11-19T20:38:00+08:00
AO020020,中鑄停車場,26,4,1,26,4,1,1,1,2023-11-19T20:38:00+08:00
AO020021,興仁公園停車場,131,0,1,131,0,1,3,1,2023-11-19T20:38:00+08:00
AO020039,中壢石頭段停車場,79,5,1,79,5,1,1,1,2023-11-19T20:38:00+08:00
AO020012,正光二街停車場,27,12,1,27,12,1,0,1,2023-11-19T20:38:00+08:00
AO020013,青昇停車場,77,57,1,77,57,1,0,1,2023-11-19T20:38:00+08:00
AO020014,站前東停車場,73,65,1,73,65,1,0,1,2023-11-19T20:38:00+08:00
AO020013,站前西停車場,90,75,1,90,75,1,0,1,2023-11-19T20:38:00+08:00
AO020029,文康公有停車場,115,114,1,115,114,1,0,1,2023-11-19T20:38:00+08:00
AO020022,龍岡停車場,168,132,1,168,132,1,0,1,2023-11-19T20:38:00+08:00
AO020023,台貿停車場,86,83,1,86,83,1,0,1,2023-11-19T20:38:00+08:00
AO020024,龍平停車場,91,9,1,91,9,1,1,1,2023-11-19T20:38:00+08:00
AO020026,雙嶺停車場,116,29,1,116,29,1,0,1,2023-11-19T20:38:00+08:00
AO020037,中壢殯葬園區停車場,180,50,1,180,50,1,0,1,2023-11-19T20:38:00+08:00
AO0200001,新明市場停車場,79,25,1,79,25,1,0,1,2023-11-19T20:38:00+08:00
AO020027,永發停車場,131,92,1,131,92,1,0,1,2023-11-19T20:38:00+08:00
AO0200002,中壢藝術館地下停車場,48,26,1,48,26,1,0,1,2023-11-19T20:38:00+08:00
AO0200004,置地廣場桃園A區,586,491,1,586,491,1,0,1,2023-11-19T20:38:00+08:00
AO0200003,華泰名品城,2333,1578,1,2333,1578,1,0,1,2023-11-19T20:38:00+08:00
AO0200064,A19桃園體育園區站,48,28,1,48,28,1,0,1,2023-11-19T20:36:00+08:00
AO040001,南崁公一地下停車場,567,571,1,567,571,1,0,1,2023-11-19T20:38:00+08:00
AO040003,南榮地下停車場,77,6,1,77,6,1,1,1,2023-11-19T20:38:00+08:00
AO040002,五福地下停車場,124,4,1,124,4,1,2,1,2023-11-19T20:38:00+08:00
AO040004,大新平面停車場,28,0,1,28,0,1,3,1,2023-11-19T20:38:00+08:00
AO040005,大竹圍平面停車場,17,6,1,17,6,1,0,1,2023-11-19T20:38:00+08:00
AO040007,南崁廣停二平面停車場,17,6,1,17,6,1,0,1,2023-11-19T20:38:00+08:00
AO050001,龍潭東龍停車場,95,71,1,95,71,1,0,1,2023-11-19T20:38:00+08:00
AO050002,龍潭運動公園平面停車場,56,22,1,56,22,1,0,1,2023-11-19T20:38:00+08:00
AO050004,龍潭舊鄉代會停車場,24,20,1,24,20,1,0,1,2023-11-19T20:38:00+08:00
AO060003,廣北平面停車場,119,55,1,119,55,1,0,1,2023-11-19T20:38:00+08:00
AO060002,廣南平面停車場,80,30,1,80,30,1,0,1,2023-11-19T20:38:00+08:00
AO060006,新榮平面停車場,36,16,1,36,16,1,0,1,2023-11-19T20:38:00+08:00
AO060004,上海平面停車場,55,19,1,55,19,1,0,1,2023-11-19T20:38:00+08:00
AO060008,坤慶平面停車場,86,31,1,86,31,1,0,1,2023-11-19T20:38:00+08:00
AO060007,大興平面停車場,27,7,1,27,7,1,0,1,2023-11-19T20:38:00+08:00
AO060005,大連平面停車場,88,25,1,88,25,1,0,1,2023-11-19T20:38:00+08:00
AO060012,1895乙未保臺紀念公園地下停車場,180,32,1,180,32,1,1,1,2023-11-19T20:38:00+08:00
AO060001,貿東停車場,31,26,1,31,26,1,0,1,2023-11-19T20:38:00+08:00
AO0600001,全聯平鎮新富店停車場,215,45,1,215,45,1,0,1,2023-11-19T20:38:00+08:00
AO0600002,華安公園停車場,48,22,1,48,22,1,0,1,2023-11-19T20:38:00+08:00
AO0600003,長沙公有停車場,44,28,1,44,28,1,0,1,2023-11-19T20:38:00+08:00
AO0600019,平鎮區文化公園地下停車場,232,54,1,232,54,1,0,1,2023-11-19T20:38:00+08:00
AO110001,新屋區停一立體停車場,160,71,1,160,71,1,0,1,2023-11-19T20:38:00+08:00
AO010025,桃園市公有府前地下停車場,334,223,1,334,223,1,0,1,2023-11-19T20:38:00+08:00
AO010001,西門地下停車場,548,102,1,548,102,1,1,1,2023-11-19T20:38:00+08:00
AO0100001,桃園市立圖書館總館,401,252,1,401,252,1,0,1,2023-11-19T20:31:00+08:00
AO010017,藝文園區地下停車場,517,248,1,517,248,1,0,1,2023-11-19T20:38:00+08:00
AO010012,朝陽公園停車場,45,21,1,45,21,1,0,1,2023-11-19T20:38:00+08:00
AO010014,三民公園停車場,61,0,1,61,0,1,3,1,2023-11-19T20:38:00+08:00
AO010011,陽明公園停車場,64,17,1,64,17,1,0,1,2023-11-19T20:38:00+08:00
AO010016,桃園新站停車場,38,19,1,38,19,1,0,1,2023-11-19T20:38:00+08:00
AO010015,宏昌六街停車場,72,27,1,72,27,1,0,1,2023-11-19T20:38:00+08:00
AO010031,南門公園地下停車場,345,226,1,345,226,1,0,1,2023-11-19T20:38:00+08:00
AO0100002,桃園展演中心地下停車場,87,43,1,87,43,1,0,1,2023-11-19T20:38:00+08:00
AO010019,文小二停車場,483,222,1,483,222,1,0,1,2023-11-19T20:38:00+08:00
AO010020,假日花市停車場,80,71,1,80,71,1,0,1,2023-11-19T20:38:00+08:00
AO010021,殯葬園區停車場,238,212,1,238,212,1,0,1,2023-11-19T20:38:00+08:00
AO010022,孔廟停車場,95,82,1,95,82,1,0,1,2023-11-19T20:38:00+08:00
AO010023,虎頭山停車場,173,0,1,173,0,1,3,1,2023-11-19T20:38:00+08:00
AO010033,文昌公園地下停車場,317,53,1,317,53,1,1,1,2023-11-19T20:38:00+08:00
AO0100003,中路二號基地社會住宅地下停車場,170,205,1,170,205,1,0,1,2023-11-19T20:38:00+08:00
AO010002,小檜溪停車場,125,52,1,125,52,1,0,1,2023-11-19T20:38:00+08:00
AO010003,水汴頭平面停車場,119,99,1,119,99,1,0,1,2023-11-19T20:38:00+08:00
AO010004,建國停車場,113,39,1,113,39,1,0,1,2023-11-19T20:38:00+08:00
AO010005,青溪停車場,58,22,1,58,22,1,0,1,2023-11-19T20:38:00+08:00
AO010006,龍安一停車場,17,9,1,17,9,1,0,1,2023-11-19T20:38:00+08:00
AO010007,龍安二停車場,20,13,1,20,13,1,0,1,2023-11-19T20:34:00+08:00
AO010008,三聖停車場,31,27,1,31,27,1,0,1,2023-11-19T20:34:00+08:00
AO010009,吉安停車場,55,26,1,55,26,1,0,1,2023-11-19T20:34:00+08:00
AO010032,新永和停車場,557,405,1,557,405,1,0,1,2023-11-19T20:37:00+08:00
AO010027,中路停一停車場,65,0,1,65,0,1,3,1,2023-11-19T20:38:00+08:00
AO010028,中路停三停車場,57,0,1,57,0,1,3,1,2023-11-19T20:38:00+08:00
AO010030,中路停六停車場,82,7,1,82,7,1,1,1,2023-11-19T20:38:00+08:00
AO0100006,衛生福利部桃園醫院停車場,151,919,1,151,919,1,0,1,2023-11-19T20:38:00+08:00
AO0100008,中路一號停車場,102,38,1,102,38,1,0,1,2023-11-19T20:38:00+08:00
AO010036,桃園區大有立體暨殯葬園區平面公有停車場,413,146,1,413,146,1,0,1,2023-11-19T20:38:00+08:00
AO0100009,守法路平面停車場,56,21,1,56,21,1,0,1,2023-11-19T20:38:00+08:00
AO0100010,中路力行平面停車場,89,62,1,89,62,1,0,1,2023-11-19T20:38:00+08:00
AO010038,武陵高中地下停車場,166,151,1,166,151,1,0,1,2023-11-19T20:38:00+08:00
AO080006,大模停車場,42,0,1,42,0,1,3,1,2023-11-19T20:38:00+08:00
AO080014,埔心車站後站停車場,53,0,1,53,0,1,3,1,2023-11-19T20:38:00+08:00
AO080011,瑞溪停車場,100,1,1,100,1,1,2,1,2023-11-19T20:38:00+08:00
AO080012,三元停車場,44,12,1,44,12,1,0,1,2023-11-19T20:38:00+08:00
AO080001,新成立體停車場,83,0,1,83,0,1,3,1,2023-11-19T20:38:00+08:00
AO080004,梅高停車場,77,25,1,77,25,1,0,1,2023-11-19T20:38:00+08:00
AO080007,民族公園停車場,51,26,1,51,26,1,0,1,2023-11-19T20:38:00+08:00
26,羅東立體停車場,245,172,1,245,172,1,0,1,2023-11-19T20:40:11+08:00
27,宜蘭縣羅東鎮南門地下停車場,500,281,1,500,281,1,0,1,2023-11-19T20:40:11+08:00
28,宜蘭縣羅東鎮民生大樓停車場,275,122,1,275,122,1,0,1,2023-11-19T20:40:11+08:00
58,礁溪轉運站停車場,57,48,1,57,48,1,0,1,2023-11-19T20:40:11+08:00
29,羅東鎮公共造產停車場(公所前停車場),61,16,1,61,16,1,0,1,2023-11-19T20:40:11+08:00
30,羅東鎮公共造產停車場(公所前廣停停車場),34,11,1,34,11,1,0,1,2023-11-19T20:40:11+08:00
31,羅東公正國小地下停車場,351,164,1,351,164,1,0,1,2023-11-19T20:40:11+08:00
33,羅東停一停車場,66,28,1,66,28,1,0,1,2023-11-19T20:40:11+08:00
34,羅東停三停車場,75,16,1,75,16,1,0,1,2023-11-19T20:40:11+08:00
35,公正平面停車場,45,7,1,45,7,1,0,1,2023-11-19T20:40:11+08:00
36,北成國小停車場,72,66,1,72,66,1,0,1,2023-11-19T20:40:11+08:00
37,宜蘭縣政府文化局羅東文化工場停車場,107,55,1,107,55,1,0,1,2023-11-19T20:40:11+08:00
38,倉前停車場,121,57,1,121,57,1,0,1,2023-11-19T20:40:11+08:00
53,礁溪鄉公共造產地景廣場停車場,47,29,1,47,29,1,0,1,2023-11-19T20:40:11+08:00
54,礁溪鄉公共造產水景廣場停車場,42,13,1,42,13,1,0,1,2023-11-19T20:40:11+08:00
55,臺鐵礁溪站前停車場,67,54,1,67,54,1,0,1,2023-11-19T20:40:11+08:00
56,礁溪鄉公有立體停車場,253,142,1,253,142,1,0,1,2023-11-19T20:40:11+08:00
57,盱江新村停車場,46,21,1,46,21,1,0,1,2023-11-19T20:40:11+08:00
59,礁溪停車場,40,12,1,40,12,1,0,1,2023-11-19T20:40:11+08:00
32,羅東林業文化園區南停車場,66,7,1,66,7,1,0,1,2023-11-19T20:40:11+08:00
1,國立宜蘭大學停車場,400,181,1,400,181,1,0,1,2023-11-19T20:40:11+08:00
48,豆腐岬風景區停車場,47,47,1,47,47,1,0,1,2023-11-19T20:40:11+08:00
76,嘟嘟房宜蘭中山公園站,92,80,1,92,80,1,0,1,2023-11-19T20:40:11+08:00
140,宏達經營管理顧問有限公司梅花湖停車場,209,209,1,209,209,1,0,1,2023-11-19T20:40:11+08:00
8,和睦停車場,159,159,1,159,159,1,0,1,2023-11-19T20:40:11+08:00
104,宜蘭宜興（停一）停車場,52,51,1,52,51,1,0,1,2023-11-19T20:40:11+08:00
11,宜蘭林森（停五）停車場,112,112,1,112,112,1,0,1,2023-11-19T20:40:11+08:00
12,宜蘭轉運站停車場,169,134,1,169,134,1,0,1,2023-11-19T20:40:11+08:00
17,宜蘭新月停車場,277,166,1,277,166,1,0,1,2023-11-19T20:40:11+08:00
19,宜蘭新月站停車場,93,0,1,93,0,1,2,1,2023-11-19T20:40:11+08:00
22,國立陽明交通大學附設醫院蘭陽院區停車場,554,554,1,554,554,1,0,1,2023-11-19T20:40:11+08:00
25,宜蘭幸福（停六）停車場,95,7,1,95,7,1,0,1,2023-11-19T20:40:11+08:00
52,頭城鎮大溪漁港停車場,163,135,1,163,135,1,0,1,2023-11-19T20:40:11+08:00
50,蘭陽博物館停車場,145,0,1,145,0,1,2,1,2023-11-19T20:40:11+08:00
61,五峰旗停車場,166,0,1,166,0,1,2,1,2023-11-19T20:40:11+08:00
60,龍潭湖風景區停車場,119,0,1,119,0,1,2,1,2023-11-19T20:40:11+08:00
64,中興文化創意產業園區停車場,61,0,1,61,0,1,2,1,2023-11-19T20:40:11+08:00
70,冬山河生態綠舟停車場,120,120,1,120,120,1,0,1,2023-11-19T20:40:11+08:00
108,嘟嘟房宜蘭傳藝中心站停車場,746,650,1,746,650,1,0,1,2023-11-19T20:40:11+08:00
146,羅東國中平面停車場,80,35,1,80,35,1,0,1,2023-11-19T20:40:11+08:00
185,TIMES宜蘭中華路停車場,38,18,1,38,18,1,0,1,2023-11-19T20:40:11+08:00
